controller,group,queue_overall_mean,speed_overall_mean,,
baseline,0,62.694694519043,7.21874237060547,-41.3252649613588,17.9260971807541
dr_marl,0,36.785945892334,8.51278114318848,,
