controller,group,queue_overall_mean,speed_overall_mean
baseline,0,63.65027618408203,6.580402374267578
dr_marl,0,37.00416564941406,8.425606727600098
