controller,group,queue_overall_mean,speed_overall_mean
baseline,0,105.15308380127,4.90971279144287
dr_marl,0,32.931526184082,8.67510890960693
,,,
,,,
,queue,speed,
,-68.682301085606,76.6927980945599,
